5.327882135475193e-08,0.000000000000000e+00
1.065576427095039e-07,0.000000000000000e+00
1.598364605115421e-07,0.000000000000000e+00
2.131152854190077e-07,0.000000000000000e+00
2.663940961156186e-07,0.000000000000000e+00
3.196729210230842e-07,0.000000000000000e+00
3.729517459305498e-07,0.000000000000000e+00
4.262305708380154e-07,0.000000000000000e+00
4.795093673237716e-07,0.000000000000000e+00
5.327881922312372e-07,0.000000000000000e+00
5.860670171387028e-07,0.000000000000000e+00
6.393458420461684e-07,0.000000000000000e+00
6.926246669536340e-07,0.000000000000000e+00
7.459034918610996e-07,0.000000000000000e+00
7.991823167685652e-07,0.000000000000000e+00
8.524611416760308e-07,0.000000000000000e+00
9.057399665834964e-07,0.000000000000000e+00
9.590187346475432e-07,0.000000000000000e+00
1.012297616398428e-06,0.000000000000000e+00
1.065576384462474e-06,0.000000000000000e+00
1.118855266213359e-06,0.000000000000000e+00
1.172134034277406e-06,0.000000000000000e+00
1.225412916028290e-06,0.000000000000000e+00
1.278691684092337e-06,0.000000000000000e+00
1.331970565843221e-06,0.000000000000000e+00
1.385249333907268e-06,0.000000000000000e+00
1.438528215658152e-06,0.000000000000000e+00
1.491806983722199e-06,0.000000000000000e+00
1.545085865473084e-06,0.000000000000000e+00
1.598364633537130e-06,0.000000000000000e+00
1.651643515288015e-06,0.000000000000000e+00
1.704922283352062e-06,0.000000000000000e+00
1.758201051416108e-06,0.000000000000000e+00
1.811479933166993e-06,0.000000000000000e+00
1.864758701231040e-06,0.000000000000000e+00
1.918037469295086e-06,0.000000000000000e+00
1.971316351045971e-06,0.000000000000000e+00
2.024595232796855e-06,0.000000000000000e+00
2.077874114547740e-06,0.000000000000000e+00
2.131152768924949e-06,0.000000000000000e+00
2.184431650675833e-06,0.000000000000000e+00
2.237710532426718e-06,0.000000000000000e+00
2.290989414177602e-06,0.000000000000000e+00
2.344268068554811e-06,0.000000000000000e+00
2.397546950305696e-06,0.000000000000000e+00
2.450825832056580e-06,0.000000000000000e+00
2.504104713807465e-06,0.000000000000000e+00
2.557383368184674e-06,0.000000000000000e+00
2.610662249935558e-06,0.000000000000000e+00
2.663941131686443e-06,0.000000000000000e+00
2.717219786063652e-06,0.000000000000000e+00
2.770498667814536e-06,0.000000000000000e+00
2.823777549565420e-06,0.000000000000000e+00
2.877056431316305e-06,0.000000000000000e+00
2.930335085693514e-06,0.000000000000000e+00
2.983613967444398e-06,0.000000000000000e+00
3.036892849195283e-06,0.000000000000000e+00
3.090171730946167e-06,0.000000000000000e+00
3.143450385323376e-06,0.000000000000000e+00
3.196729267074261e-06,0.000000000000000e+00
3.250008148825145e-06,0.000000000000000e+00
3.303287030576030e-06,0.000000000000000e+00
3.356565684953239e-06,0.000000000000000e+00
3.409844566704123e-06,0.000000000000000e+00
3.463123448455008e-06,0.000000000000000e+00
3.516402102832217e-06,0.000000000000000e+00
3.569680984583101e-06,0.000000000000000e+00
3.622959866333986e-06,0.000000000000000e+00
3.676238748084870e-06,0.000000000000000e+00
3.729517402462079e-06,0.000000000000000e+00
3.782796284212964e-06,0.000000000000000e+00
3.836074938590173e-06,0.000000000000000e+00
3.889354047714733e-06,0.000000000000000e+00
3.942632702091942e-06,0.000000000000000e+00
3.995911811216502e-06,0.000000000000000e+00
4.049190465593711e-06,0.000000000000000e+00
4.102469119970920e-06,0.000000000000000e+00
4.155748229095479e-06,0.000000000000000e+00
4.209026883472688e-06,0.000000000000000e+00
4.262305537849898e-06,0.000000000000000e+00
4.315584646974457e-06,0.000000000000000e+00
4.368863301351666e-06,0.000000000000000e+00
4.422141955728875e-06,0.000000000000000e+00
4.475421064853435e-06,0.000000000000000e+00
4.528699719230644e-06,0.000000000000000e+00
4.581978828355204e-06,0.000000000000000e+00
4.635257482732413e-06,0.000000000000000e+00
4.688536137109622e-06,0.000000000000000e+00
4.741815246234182e-06,0.000000000000000e+00
4.795093900611391e-06,0.000000000000000e+00
4.848372554988600e-06,0.000000000000000e+00
4.901651664113160e-06,0.000000000000000e+00
4.954930318490369e-06,0.000000000000000e+00
5.008209427614929e-06,0.000000000000000e+00
5.061488081992138e-06,0.000000000000000e+00
5.114766736369347e-06,0.000000000000000e+00
5.168045845493907e-06,0.000000000000000e+00
5.221324499871116e-06,0.000000000000000e+00
5.274603154248325e-06,0.000000000000000e+00
5.327882263372885e-06,0.000000000000000e+00
5.381160917750094e-06,0.000000000000000e+00
5.434439572127303e-06,0.000000000000000e+00
5.487718681251863e-06,0.000000000000000e+00
5.540997335629072e-06,-2.583484754718984e-23
5.594276444753632e-06,-1.887335756058692e-21
5.647555099130841e-06,-6.809017345352088e-20
5.700833753508050e-06,-1.616763798313989e-18
5.754112862632610e-06,-2.841045119786470e-17
5.807391517009819e-06,-3.938899610497141e-16
5.860670171387028e-06,-4.485575627567132e-15
5.913949280511588e-06,-4.312973182806282e-14
5.967227934888797e-06,-3.572053677153297e-13
6.020506589266006e-06,-2.586844800867016e-12
6.073785698390566e-06,-1.657256103182458e-11
6.127064352767775e-06,-9.479136225953866e-11
6.180343461892335e-06,-4.876427595057464e-10
6.233622116269544e-06,-2.269650467567885e-09
6.286900770646753e-06,-9.602973527478298e-09
6.340179879771313e-06,-3.707513229755932e-08
6.393458534148522e-06,-1.309954598127661e-07
6.446737188525731e-06,-4.244685101184587e-07
6.500016297650291e-06,-1.263058948097751e-06
6.553294952027500e-06,-3.452968030615011e-06
6.606574061152060e-06,-8.667923793836962e-06
6.659852715529269e-06,-1.994245576497633e-05
6.713131369906478e-06,-4.189192986814305e-05
6.766410479031038e-06,-7.978831126820296e-05
6.819689133408247e-06,-1.360203896183521e-04
6.872967787785456e-06,-2.022496628342196e-04
6.926246896910015e-06,-2.465379657223821e-04
6.979525551287225e-06,-1.975690538529307e-04
7.032804205664434e-06,6.741858669556677e-05
7.086083314788993e-06,7.201148546300828e-04
7.139361969166202e-06,1.952173071913421e-03
7.192641078290762e-06,3.912095446139574e-03
7.245919732667971e-06,6.607636343687773e-03
7.299198387045180e-06,9.778589010238647e-03
7.352477496169740e-06,1.274494361132383e-02
7.405756150546949e-06,1.423841342329979e-02
7.459034804924158e-06,1.224973332136869e-02
7.512313914048718e-06,3.983113914728165e-03
7.565592568425927e-06,-1.391502749174833e-02
7.618871677550487e-06,-4.465133696794510e-02
7.672149877180345e-06,-8.997597545385361e-02
7.725428986304905e-06,-1.483423560857773e-01
7.778708095429465e-06,-2.128882110118866e-01
7.831986295059323e-06,-2.698478400707245e-01
7.885265404183883e-06,-2.981668710708618e-01
7.938544513308443e-06,-2.711221277713776e-01
7.991823622433003e-06,-1.606036722660065e-01
8.045101822062861e-06,5.573056638240814e-02
8.098380931187421e-06,3.850580155849457e-01
8.151660040311981e-06,8.095579147338867e-01
8.204938239941839e-06,1.279066085815430e+00
8.258217349066399e-06,1.709692478179932e+00
8.311496458190959e-06,1.991381168365479e+00
8.364774657820817e-06,2.005722761154175e+00
8.418053766945377e-06,1.652648210525513e+00
8.471332876069937e-06,8.814305067062378e-01
8.524611075699795e-06,-2.814445495605469e-01
8.577890184824355e-06,-1.716409564018250e+00
8.631169293948915e-06,-3.214790344238281e+00
8.684447493578773e-06,-4.506620407104492e+00
8.737726602703333e-06,-5.310182094573975e+00
8.791005711827893e-06,-5.394389629364014e+00
8.844283911457751e-06,-4.639611244201660e+00
8.897563020582311e-06,-3.080462455749512e+00
8.950842129706871e-06,-9.166566729545593e-01
9.004121238831431e-06,1.514790892601013e+00
9.057399438461289e-06,3.802673101425171e+00
9.110678547585849e-06,5.546627998352051e+00
9.163957656710409e-06,6.443696498870850e+00
9.217235856340267e-06,6.354485988616943e+00
9.270514965464827e-06,5.331835746765137e+00
9.323794074589387e-06,3.604718923568726e+00
9.377072274219245e-06,1.522253513336182e+00
9.430351383343805e-06,-5.269410610198975e-01
9.483630492468365e-06,-2.198888778686523e+00
9.536908692098223e-06,-3.261153221130371e+00
9.590187801222783e-06,-3.627746582031250e+00
9.643466910347342e-06,-3.357009649276733e+00
9.696745109977201e-06,-2.617630004882813e+00
9.750024219101761e-06,-1.635438203811646e+00
9.803303328226320e-06,-6.366237401962280e-01
9.856581527856179e-06,1.986394971609116e-01
9.909860636980738e-06,7.631748914718628e-01
9.963139746105298e-06,1.028005361557007e+00
1.001641885522986e-05,1.029374241828918e+00
1.006969705485972e-05,8.448435068130493e-01
1.012297616398428e-05,5.665894150733948e-01
1.017625527310884e-05,2.786487638950348e-01
1.022953347273869e-05,4.217199608683586e-02
1.028281258186325e-05,-1.103224158287048e-01
1.033609169098781e-05,-1.731401085853577e-01
1.038936989061767e-05,-1.607500314712524e-01
1.044264899974223e-05,-9.912589192390442e-02
1.049592810886679e-05,-1.745007187128067e-02
1.054920630849665e-05,5.828921124339104e-02
1.060248541762121e-05,1.092198640108109e-01
1.065576452674577e-05,1.251783519983292e-01
1.070904272637563e-05,1.044346690177917e-01
1.076232183550019e-05,5.207365751266479e-02
1.081560094462475e-05,-2.235692739486694e-02
1.086887914425461e-05,-1.073008403182030e-01
1.092215825337917e-05,-1.913474798202515e-01
1.097543736250373e-05,-2.649001777172089e-01
1.102871647162829e-05,-3.211637139320374e-01
1.108199467125814e-05,-3.563238382339478e-01
1.113527378038270e-05,-3.691364228725433e-01
1.118855288950726e-05,-3.603185117244720e-01
1.124183108913712e-05,-3.319235146045685e-01
1.129511019826168e-05,-2.867709398269653e-01
1.134838930738624e-05,-2.281398028135300e-01
1.140166750701610e-05,-1.598081737756729e-01
1.145494661614066e-05,-8.611989021301270e-02
1.150822572526522e-05,-1.179321855306625e-02
1.156150392489508e-05,5.843118950724602e-02
1.161478303401964e-05,1.201799958944321e-01
1.166806214314420e-05,1.699678748846054e-01
1.172134034277406e-05,2.057410180568695e-01
1.177461945189862e-05,2.270542681217194e-01
1.182789856102318e-05,2.348052263259888e-01
1.188117676065303e-05,2.308592647314072e-01
1.193445586977759e-05,2.177044749259949e-01
1.198773497890215e-05,1.980470418930054e-01
1.204101317853201e-05,1.745254248380661e-01
1.209429228765657e-05,1.497936695814133e-01
1.214757139678113e-05,1.267244815826416e-01
1.220085050590569e-05,1.083069741725922e-01
1.225412870553555e-05,9.728252142667770e-02
1.230740781466011e-05,9.571620076894760e-02
1.236068692378467e-05,1.043780967593193e-01
1.241396512341453e-05,1.219707652926445e-01
1.246724423253909e-05,1.447643935680389e-01
1.252052334166365e-05,1.669901609420776e-01
1.257380154129351e-05,1.817195862531662e-01
1.262708065041807e-05,1.820384562015533e-01
1.268035975954263e-05,1.626197844743729e-01
1.273363795917248e-05,1.213311553001404e-01
1.278691706829704e-05,6.010983511805534e-02
1.284019617742160e-05,-1.508880406618118e-02
1.289347437705146e-05,-9.495714306831360e-02
1.294675348617602e-05,-1.681791543960571e-01
1.300003259530058e-05,-2.235779464244843e-01
1.305331079493044e-05,-2.524302005767822e-01
1.310658990405500e-05,-2.501515448093414e-01
1.315986901317956e-05,-2.172919362783432e-01
1.321314812230412e-05,-1.598851680755615e-01
1.326642632193398e-05,-8.869121968746185e-02
1.331970543105854e-05,-1.723926141858101e-02
1.337298454018310e-05,4.058669880032539e-02
1.342626273981296e-05,7.287023216485977e-02
1.347954184893752e-05,7.187498360872269e-02
1.353282095806208e-05,3.571700304746628e-02
1.358609915769193e-05,-3.124980628490448e-02
1.363937826681649e-05,-1.193061694502831e-01
1.369265737594105e-05,-2.149525135755539e-01
1.374593557557091e-05,-3.031114935874939e-01
1.379921468469547e-05,-3.698244690895081e-01
1.385249379382003e-05,-4.046216607093811e-01
1.390577199344989e-05,-4.019322991371155e-01
1.395905110257445e-05,-3.617010712623596e-01
1.401233021169901e-05,-2.892653346061707e-01
1.406560841132887e-05,-1.941830515861511e-01
1.411888752045343e-05,-8.832307904958725e-02
1.417216662957799e-05,1.601059362292290e-02
1.422544573870255e-05,1.077727377414703e-01
1.427872393833240e-05,1.787834763526917e-01
1.433200304745696e-05,2.247345149517059e-01
1.438528215658152e-05,2.452242970466614e-01
1.443856035621138e-05,2.432631552219391e-01
1.449183946533594e-05,2.245020270347595e-01
1.454511857446050e-05,1.959073394536972e-01
1.459839677409036e-05,1.641754508018494e-01
1.465167588321492e-05,1.346600949764252e-01
1.470495499233948e-05,1.108579486608505e-01
1.475823319196934e-05,9.415650367736816e-02
1.481151230109390e-05,8.418950438499451e-02
1.486479141021846e-05,7.994575798511505e-02
1.491806960984832e-05,8.082593977451324e-02
1.497134871897288e-05,8.709646761417389e-02
1.502462782809744e-05,9.997649490833282e-02
1.507790602772729e-05,1.211754828691483e-01
1.513118513685185e-05,1.513944119215012e-01
1.518446424597641e-05,1.883797496557236e-01
1.523774335510097e-05,2.256502807140350e-01
1.529102155473083e-05,2.521567046642303e-01
1.534429975436069e-05,2.530176043510437e-01
1.539757977297995e-05,2.121176421642303e-01
1.545085797260981e-05,1.165367513895035e-01
1.550413617223967e-05,-3.864008933305740e-02
1.555741619085893e-05,-2.463856637477875e-01
1.561069439048879e-05,-4.853956401348114e-01
1.566397259011865e-05,-7.207514047622681e-01
1.571725260873791e-05,-9.087459444999695e-01
1.577053080836777e-05,-1.005061984062195e+00
1.582381082698703e-05,-9.744057059288025e-01
1.587708902661689e-05,-7.999750375747681e-01
1.593036722624674e-05,-4.904896914958954e-01
1.598364724486601e-05,-8.193364739418030e-02
1.603692544449586e-05,3.671410679817200e-01
1.609020364412572e-05,7.856163978576660e-01
1.614348366274498e-05,1.103386878967285e+00
1.619676186237484e-05,1.266042232513428e+00
1.625004006200470e-05,1.246712565422058e+00
1.630332008062396e-05,1.051663041114807e+00
1.635659828025382e-05,7.187508344650269e-01
1.640987647988368e-05,3.093689680099487e-01
1.646315649850294e-05,-1.047403737902641e-01
1.651643469813280e-05,-4.565098285675049e-01
1.656971289776266e-05,-6.961303949356079e-01
1.662299291638192e-05,-7.986541986465454e-01
1.667627111601178e-05,-7.659001350402832e-01
1.672954931564163e-05,-6.224863529205322e-01
1.678282933426090e-05,-4.072973430156708e-01
1.683610753389075e-05,-1.636145561933517e-01
1.688938573352061e-05,6.934633105993271e-02
1.694266575213987e-05,2.624029517173767e-01
1.699594395176973e-05,3.990523219108582e-01
1.704922215139959e-05,4.744166135787964e-01
1.710250217001885e-05,4.919717907905579e-01
1.715578036964871e-05,4.600728154182434e-01
1.720905856927857e-05,3.889540135860443e-01
1.726233858789783e-05,2.885643243789673e-01
1.731561678752769e-05,1.680518835783005e-01
1.736889498715755e-05,3.656463325023651e-02
1.742217500577681e-05,-9.606996178627014e-02
1.747545320540667e-05,-2.192575633525848e-01
1.752873140503652e-05,-3.218883275985718e-01
1.758201142365579e-05,-3.934010863304138e-01
1.763528962328564e-05,-4.258061051368713e-01
1.768856782291550e-05,-4.154921770095825e-01
1.774184784153476e-05,-3.640458583831787e-01
1.779512604116462e-05,-2.783997356891632e-01
1.784840605978388e-05,-1.701331734657288e-01
1.790168425941374e-05,-5.347120016813278e-02
1.795496245904360e-05,5.722075700759888e-02
1.800824247766286e-05,1.493829339742661e-01
1.806152067729272e-05,2.137453407049179e-01
1.811479887692258e-05,2.453773319721222e-01
1.816807889554184e-05,2.436219751834869e-01
1.822135709517170e-05,2.111227512359619e-01
1.827463529480156e-05,1.529434323310852e-01
1.832791531342082e-05,7.582552731037140e-02
1.838119351305068e-05,-1.274941489100456e-02
1.843447171268053e-05,-1.051155775785446e-01
1.848775173129980e-05,-1.933427751064301e-01
1.854102993092965e-05,-2.693690657615662e-01
1.859430813055951e-05,-3.256183862686157e-01
1.864758814917877e-05,-3.555269241333008e-01
1.870086634880863e-05,-3.541485071182251e-01
1.875414454843849e-05,-3.192704319953918e-01
1.880742456705775e-05,-2.523536980152130e-01
1.886070276668761e-05,-1.586307287216187e-01
1.891398096631747e-05,-4.675860330462456e-02
1.896726098493673e-05,7.186278700828552e-02
1.902053918456659e-05,1.846162974834442e-01
1.907381738419645e-05,2.796443700790405e-01
1.912709740281571e-05,3.473765552043915e-01
1.918037560244557e-05,3.816366791725159e-01
1.923365380207542e-05,3.804713189601898e-01
1.928693382069468e-05,3.461045920848846e-01
1.934021202032454e-05,2.839793264865875e-01
1.939349021995440e-05,2.017073333263397e-01
1.944677023857366e-05,1.080846190452576e-01
1.950004843820352e-05,1.189900469034910e-02
1.955332663783338e-05,-7.896028459072113e-02
1.960660665645264e-05,-1.576884686946869e-01
1.965988485608250e-05,-2.186475247144699e-01
1.971316305571236e-05,-2.576495409011841e-01
1.976644307433162e-05,-2.720202803611755e-01
1.981972127396148e-05,-2.606057226657867e-01
1.987299947359134e-05,-2.241984307765961e-01
1.992627949221060e-05,-1.659659743309021e-01
1.997955769184045e-05,-9.136603772640228e-02
2.003283771045972e-05,-7.836304605007172e-03
2.008611591008957e-05,7.569962739944458e-02
2.013939410971943e-05,1.499365419149399e-01
2.019267412833869e-05,2.066225707530975e-01
2.024595232796855e-05,2.396850883960724e-01
2.029923052759841e-05,2.461078017950058e-01
2.035251054621767e-05,2.265624105930328e-01
2.040578874584753e-05,1.852186173200607e-01
2.045906694547739e-05,1.287824511528015e-01
2.051234696409665e-05,6.541425734758377e-02
2.056562516372651e-05,3.533080220222473e-03
2.061890336335637e-05,-4.961278662085533e-02
2.067218338197563e-05,-8.892967551946640e-02
2.072546158160549e-05,-1.116823777556419e-01
2.077873978123534e-05,-1.174802333116531e-01
2.083201979985461e-05,-1.081152260303497e-01
2.088529799948446e-05,-8.684097975492477e-02
2.093857619911432e-05,-5.752578005194664e-02
2.099185621773358e-05,-2.426509559154510e-02
2.104513441736344e-05,8.942735381424427e-03
2.109841261699330e-05,3.869153186678886e-02
2.115169263561256e-05,6.229232996702194e-02
2.120497083524242e-05,7.758228480815887e-02
2.125824903487228e-05,8.302085101604462e-02
2.131152905349154e-05,7.785385102033615e-02
2.136480725312140e-05,6.196062266826630e-02
2.141808545275126e-05,3.588137030601501e-02
2.147136547137052e-05,1.246440573595464e-03
2.152464367100038e-05,-3.896145150065422e-02
2.157792187063023e-05,-8.031735569238663e-02
2.163120188924950e-05,-1.166284829378128e-01
2.168448008887935e-05,-1.398521214723587e-01
2.173775828850921e-05,-1.408282816410065e-01
2.179103830712847e-05,-1.104867383837700e-01
2.184431650675833e-05,-4.143881425261497e-02
2.189759470638819e-05,6.958334892988205e-02
2.195087472500745e-05,2.188942879438400e-01
2.200415292463731e-05,3.937217593193054e-01
2.205743294325657e-05,5.711463689804077e-01
2.211071114288643e-05,7.185635566711426e-01
2.216398934251629e-05,7.968778014183044e-01
2.221726936113555e-05,7.667869925498962e-01
2.227054756076541e-05,5.971447825431824e-01
2.232382576039527e-05,2.743554115295410e-01
2.237710577901453e-05,-1.886670589447021e-01
2.243038397864439e-05,-7.469107508659363e-01
2.248366217827424e-05,-1.323873281478882e+00
2.253694219689351e-05,-1.819502711296082e+00
2.259022039652336e-05,-2.125597715377808e+00
2.264349859615322e-05,-2.147469043731689e+00
2.269677861477248e-05,-1.827726125717163e+00
2.275005681440234e-05,-1.166127800941467e+00
2.280333501403220e-05,-2.300792336463928e-01
2.285661503265146e-05,8.485133647918701e-01
2.290989323228132e-05,1.892311334609985e+00
2.296317143191118e-05,2.711343288421631e+00
2.301645145053044e-05,3.142625331878662e+00
2.306972965016030e-05,3.087693214416504e+00
2.312300784979016e-05,2.538807392120361e+00
2.317628786840942e-05,1.585797309875488e+00
2.322956606803928e-05,4.001682698726654e-01
2.328284426766913e-05,-8.002807497978210e-01
2.333612428628840e-05,-1.798175334930420e+00
2.338940248591825e-05,-2.423611879348755e+00
2.344268068554811e-05,-2.589460849761963e+00
2.349596070416737e-05,-2.305845737457275e+00
2.354923890379723e-05,-1.671207189559937e+00
2.360251710342709e-05,-8.435084819793701e-01
2.365579712204635e-05,2.424716949462891e-04
2.370907532167621e-05,7.048453092575073e-01
2.376235352130607e-05,1.167349338531494e+00
2.381563353992533e-05,1.350957274436951e+00
2.386891173955519e-05,1.281461954116821e+00
2.392218993918505e-05,1.029432296752930e+00
2.397546995780431e-05,6.850819587707520e-01
2.402874815743417e-05,3.340899348258972e-01
2.408202635706402e-05,4.020126909017563e-02
2.413530637568329e-05,-1.629043221473694e-01
2.418858457531314e-05,-2.703967094421387e-01
2.424186459393241e-05,-2.983158528804779e-01
2.429514279356226e-05,-2.732501029968262e-01
2.434842099319212e-05,-2.230726778507233e-01
2.440170101181138e-05,-1.702935546636581e-01
2.445497921144124e-05,-1.289545595645905e-01
2.450825741107110e-05,-1.049047634005547e-01
2.456153742969036e-05,-9.775312244892120e-02
2.461481562932022e-05,-1.031560897827148e-01
2.466809382895008e-05,-1.152351647615433e-01
2.472137384756934e-05,-1.285709291696548e-01
2.477465204719920e-05,-1.391176879405975e-01
2.482793024682906e-05,-1.445681452751160e-01
2.488121026544832e-05,-1.446832269430161e-01
2.493448846507818e-05,-1.410264968872070e-01
2.498776666470803e-05,-1.360592693090439e-01
2.504104668332729e-05,-1.324273645877838e-01
2.509432488295715e-05,-1.324033737182617e-01
2.514760308258701e-05,-1.369983851909637e-01
2.520088310120627e-05,-1.453419625759125e-01
2.525416130083613e-05,-1.548670828342438e-01
2.530743950046599e-05,-1.616988629102707e-01
2.536071951908525e-05,-1.610718965530396e-01
2.541399771871511e-05,-1.483481526374817e-01
2.546727591834497e-05,-1.202943548560143e-01
2.552055593696423e-05,-7.582937180995941e-02
2.557383413659409e-05,-1.647181436419487e-02
2.562711233622395e-05,5.330710858106613e-02
2.568039235484321e-05,1.264864504337311e-01
2.573367055447306e-05,1.947115361690521e-01
2.578694875410292e-05,2.495983242988586e-01
2.584022877272218e-05,2.840801179409027e-01
2.589350697235204e-05,2.939313650131226e-01
2.594678517198190e-05,2.787250280380249e-01
2.600006519060116e-05,2.417668551206589e-01
2.605334339023102e-05,1.894798129796982e-01
2.610662158986088e-05,1.303172409534454e-01
2.615990160848014e-05,7.299420237541199e-02
2.621317980811000e-05,2.470317482948303e-02
2.626645982672926e-05,-9.963639080524445e-03
2.631973802635912e-05,-2.956171147525311e-02
2.637301622598898e-05,-3.581301867961884e-02
2.642629624460824e-05,-3.269583359360695e-02
2.647957444423810e-05,-2.502327412366867e-02
2.653285264386795e-05,-1.728333160281181e-02
2.658613266248722e-05,-1.271980255842209e-02
2.663941086211707e-05,-1.264979317784309e-02
2.669268906174693e-05,-1.653900742530823e-02
2.674596908036619e-05,-2.271690778434277e-02
2.679924727999605e-05,-2.906214073300362e-02
2.685252547962591e-05,-3.363268822431564e-02
2.690580549824517e-05,-3.532365337014198e-02
2.695908369787503e-05,-3.403504937887192e-02
2.701236189750489e-05,-3.028367087244987e-02
2.706564191612415e-05,-2.483824267983437e-02
2.711892011575401e-05,-1.839391142129898e-02
2.717219831538387e-05,-1.109592430293560e-02
2.722547833400313e-05,-2.420498756691813e-03
2.727875653363299e-05,8.375407196581364e-03
2.733203473326284e-05,2.182980999350548e-02
2.738531475188211e-05,3.798276931047440e-02
2.743859295151196e-05,5.589623749256134e-02
2.749187115114182e-05,7.343980669975281e-02
2.754515116976108e-05,8.778676390647888e-02
2.759842936939094e-05,9.608189761638641e-02
2.765170756902080e-05,9.596979618072510e-02
2.770498758764006e-05,8.634015917778015e-02
2.775826578726992e-05,6.797935068607330e-02
2.781154398689978e-05,4.347507283091545e-02
2.786482400551904e-05,1.669004559516907e-02
2.791810220514890e-05,-7.766538765281439e-03
2.797138040477876e-05,-2.542345784604549e-02
2.802466042339802e-05,-3.309214487671852e-02
2.807793862302788e-05,-2.951177768409252e-02
2.813121682265773e-05,-1.549737714231014e-02
2.818449684127700e-05,5.993091966956854e-03
2.823777504090685e-05,3.022944554686546e-02
2.829105324053671e-05,5.175481736660004e-02
2.834433325915597e-05,6.548681110143661e-02
2.839761145878583e-05,6.762658059597015e-02
2.845089147740509e-05,5.667605623602867e-02
2.850416967703495e-05,3.421616926789284e-02
2.855744787666481e-05,4.884772002696991e-03
2.861072789528407e-05,-2.423729561269283e-02
2.866400609491393e-05,-4.463748261332512e-02
2.871728429454379e-05,-4.804340004920959e-02
2.877056431316305e-05,-2.847090177237988e-02
2.882384251279291e-05,1.607027836143970e-02
2.887712071242277e-05,8.240853995084763e-02
2.893040073104203e-05,1.617135256528854e-01
2.898367893067189e-05,2.402122914791107e-01
2.903695713030174e-05,3.011668920516968e-01
2.909023714892101e-05,3.275531530380249e-01
2.914351534855086e-05,3.051444590091705e-01
2.919679354818072e-05,2.256655693054199e-01
2.925007356679998e-05,8.912970870733261e-02
2.930335176642984e-05,-9.524028748273849e-02
2.935662996605970e-05,-3.094838857650757e-01
2.940990998467896e-05,-5.288668870925903e-01
2.946318818430882e-05,-7.253137826919556e-01
2.951646638393868e-05,-8.715177774429321e-01
2.956974640255794e-05,-9.449087381362915e-01
2.962302460218780e-05,-9.310948252677917e-01
2.967630280181766e-05,-8.261655569076538e-01
2.972958282043692e-05,-6.372365355491638e-01
2.978286102006678e-05,-3.814269900321960e-01
2.983613921969663e-05,-8.371275663375854e-02
2.988941923831590e-05,2.262219637632370e-01
2.994269743794575e-05,5.176287889480591e-01
2.999597563757561e-05,7.619963884353638e-01
3.004925565619487e-05,9.357979297637939e-01
3.010253385582473e-05,1.022748351097107e+00
3.015581205545459e-05,1.015203833580017e+00
3.020909207407385e-05,9.146314859390259e-01
3.026237027370371e-05,7.315635681152344e-01
3.031564847333357e-05,4.849377870559692e-01
3.036892849195283e-05,2.004467844963074e-01
3.042220669158269e-05,-9.188618510961533e-02
3.047548671020195e-05,-3.606847524642944e-01
3.052876490983181e-05,-5.769376754760742e-01
3.058204310946167e-05,-7.180201411247253e-01
3.063532130909152e-05,-7.709842920303345e-01
3.068859950872138e-05,-7.346339225769043e-01
3.074188134633005e-05,-6.200937032699585e-01
3.079515954595990e-05,-4.491794109344482e-01
3.084843774558976e-05,-2.505677938461304e-01
3.090171594521962e-05,-5.484955757856369e-02
3.095499414484948e-05,1.106140837073326e-01
3.100827234447934e-05,2.263334244489670e-01
3.106155418208800e-05,2.835881710052490e-01
3.111483238171786e-05,2.847379446029663e-01
3.116811058134772e-05,2.413776218891144e-01
3.122138878097758e-05,1.710026562213898e-01
3.127466698060744e-05,9.270459413528442e-02
3.132794518023729e-05,2.308402024209499e-02
3.138122701784596e-05,-2.642368152737617e-02
3.143450521747582e-05,-5.069969221949577e-02
3.148778341710567e-05,-5.076905339956284e-02
3.154106161673553e-05,-3.227534145116806e-02
3.159433981636539e-05,-3.267944557592273e-03
3.164762165397406e-05,2.767615579068661e-02
3.170089985360391e-05,5.285410210490227e-02
3.175417805323377e-05,6.649376451969147e-02
3.180745625286363e-05,6.508269906044006e-02
3.186073445249349e-05,4.706725478172302e-02
3.191401265212335e-05,1.266458909958601e-02
3.196729448973201e-05,-3.615648671984673e-02
3.202057268936187e-05,-9.591640532016754e-02
3.207385088899173e-05,-1.618247032165527e-01
3.212712908862159e-05,-2.277625501155853e-01
3.218040728825144e-05,-2.866082489490509e-01
3.223368548788130e-05,-3.310693204402924e-01
3.228696732548997e-05,-3.545574545860291e-01
3.234024552511983e-05,-3.521078228950500e-01
3.239352372474968e-05,-3.214823305606842e-01
3.244680192437954e-05,-2.639206647872925e-01
3.250008012400940e-05,-1.841518878936768e-01
3.255335832363926e-05,-8.991326391696930e-02
3.260664016124792e-05,9.015205316245556e-03
3.265991836087778e-05,1.023927927017212e-01
3.271319656050764e-05,1.811981052160263e-01
3.276647476013750e-05,2.388695925474167e-01
3.281975295976736e-05,2.721515893936157e-01
3.287303115939721e-05,2.814249098300934e-01
3.292631299700588e-05,2.702105045318604e-01
3.297959119663574e-05,2.441842555999756e-01
3.303286939626560e-05,2.102024406194687e-01
3.308614759589545e-05,1.752653419971466e-01
3.313942579552531e-05,1.454814523458481e-01
3.319270399515517e-05,1.254595220088959e-01
3.324598583276384e-05,1.180321276187897e-01
3.329926403239369e-05,1.239280849695206e-01
3.335254223202355e-05,1.415933668613434e-01
3.340582043165341e-05,1.673844754695892e-01
3.345909863128327e-05,1.958671510219574e-01
3.351237683091313e-05,2.202469408512115e-01
3.356565866852179e-05,2.332952469587326e-01
3.361893686815165e-05,2.285961359739304e-01
3.367221506778151e-05,2.017061114311218e-01
3.372549326741137e-05,1.512183099985123e-01
3.377877146704122e-05,7.956331968307495e-02
3.383205330464989e-05,-6.957431789487600e-03
3.388533150427975e-05,-9.896361082792282e-02
3.393860970390961e-05,-1.853312849998474e-01
3.399188790353946e-05,-2.550268769264221e-01
3.404516610316932e-05,-2.991852760314941e-01
3.409844430279918e-05,-3.127700984477997e-01
3.415172614040785e-05,-2.954920530319214e-01
3.420500434003770e-05,-2.519807815551758e-01
3.425828253966756e-05,-1.909890174865723e-01
3.431156073929742e-05,-1.236722916364670e-01
3.436483893892728e-05,-6.155188009142876e-02
3.441811713855714e-05,-1.456467062234879e-02
3.447139897616580e-05,1.066627167165279e-02
3.452467717579566e-05,1.186156179755926e-02
3.457795537542552e-05,-8.913571015000343e-03
3.463123357505538e-05,-4.594669863581657e-02
3.468451177468523e-05,-9.103100001811981e-02
3.473778997431509e-05,-1.351097673177719e-01
3.479107181192376e-05,-1.699747145175934e-01
3.484435001155362e-05,-1.894720792770386e-01
3.489762821118347e-05,-1.903057098388672e-01
3.495090641081333e-05,-1.724975705146790e-01
3.500418461044319e-05,-1.391550898551941e-01
3.505746281007305e-05,-9.564092010259628e-02
3.511074464768171e-05,-4.861494898796082e-02
3.516402284731157e-05,-4.911742638796568e-03
3.521730104694143e-05,2.982360683381557e-02
3.527057924657129e-05,5.223974585533142e-02
3.532385744620115e-05,6.185639649629593e-02
3.537713564583100e-05,6.132362037897110e-02
3.543041748343967e-05,5.618162080645561e-02
3.548369568306953e-05,5.382224544882774e-02
3.553697388269939e-05,6.201684474945068e-02
3.559025208232924e-05,8.738784492015839e-02
3.564353028195910e-05,1.337624043226242e-01
3.569681211956777e-05,2.007247060537338e-01
3.575009031919762e-05,2.829685211181641e-01
3.580336851882748e-05,3.704308867454529e-01
3.585664671845734e-05,4.490180611610413e-01
3.590992491808720e-05,5.021811723709106e-01
3.596320311771706e-05,5.132517814636230e-01
3.601648495532572e-05,4.679343700408936e-01
3.606976315495558e-05,3.567669987678528e-01
3.612304135458544e-05,1.775590032339096e-01
3.617631955421530e-05,-6.276419758796692e-02
3.622959775384516e-05,-3.473732471466064e-01
3.628287595347501e-05,-6.497643589973450e-01
3.633615779108368e-05,-9.352881908416748e-01
3.638943599071354e-05,-1.164476633071899e+00
3.644271419034339e-05,-1.297910928726196e+00
3.649599238997325e-05,-1.302060246467590e+00
3.654927058960311e-05,-1.155744314193726e+00
3.660254878923297e-05,-8.562294840812683e-01
3.665583062684163e-05,-4.232563972473145e-01
3.670910882647149e-05,1.001940295100212e-01
3.676238702610135e-05,6.510143280029297e-01
3.681566522573121e-05,1.153574943542480e+00
3.686894342536107e-05,1.531400680541992e+00
3.692222162499093e-05,1.720815658569336e+00
3.697550346259959e-05,1.683921217918396e+00
3.702878166222945e-05,1.418344736099243e+00
3.708205986185931e-05,9.609663486480713e-01
3.713533806148916e-05,3.836437165737152e-01
3.718861626111902e-05,-2.187596410512924e-01
3.724189446074888e-05,-7.458814978599548e-01
3.729517629835755e-05,-1.111641645431519e+00
3.734845449798740e-05,-1.261849999427795e+00
3.740173269761726e-05,-1.185075759887695e+00
3.745501089724712e-05,-9.140588641166687e-01
3.750828909687698e-05,-5.173549056053162e-01
3.756156729650684e-05,-8.298804610967636e-02
3.761484913411550e-05,3.018895387649536e-01
3.766812733374536e-05,5.699943304061890e-01
3.772140553337522e-05,6.869089603424072e-01
3.777468373300508e-05,6.553062796592712e-01
3.782796193263493e-05,5.097892284393311e-01
3.788124377024360e-05,3.043509721755981e-01
3.793452196987346e-05,9.658639132976532e-02
3.798780016950332e-05,-6.685275584459305e-02
3.804107836913317e-05,-1.599720865488052e-01
3.809435656876303e-05,-1.802219599485397e-01
3.814763476839289e-05,-1.444997638463974e-01
3.820091660600156e-05,-8.067117631435394e-02
3.825419480563141e-05,-1.770823076367378e-02
3.830747300526127e-05,2.269922196865082e-02
3.836075120489113e-05,3.086355701088905e-02
3.841402940452099e-05,9.398188441991806e-03
3.846730760415085e-05,-2.996910735964775e-02
3.852058944175951e-05,-7.143606245517731e-02
3.857386764138937e-05,-1.004095599055290e-01
3.862714584101923e-05,-1.074848398566246e-01
3.868042404064909e-05,-9.019403904676437e-02
3.873370224027894e-05,-5.267882347106934e-02
3.878698043990880e-05,-3.888777224346995e-03
3.884026227751747e-05,4.512063786387444e-02
3.889354047714733e-05,8.398561179637909e-02
3.894681867677718e-05,1.051600724458694e-01
3.900009687640704e-05,1.051828488707542e-01
3.905337507603690e-05,8.511093258857727e-02
3.910665327566676e-05,5.000395327806473e-02
3.915993511327542e-05,7.625896017998457e-03
3.921321331290528e-05,-3.318297863006592e-02
3.926649151253514e-05,-6.422893702983856e-02
3.931976971216500e-05,-7.957702130079269e-02
3.937304791179486e-05,-7.659675925970078e-02
3.942632611142471e-05,-5.619803071022034e-02
3.947960794903338e-05,-2.240658365190029e-02
3.953288614866324e-05,1.861654967069626e-02
3.958616434829310e-05,5.999179929494858e-02
3.963944254792295e-05,9.554667770862579e-02
3.969272074755281e-05,1.208926662802696e-01
3.974599894718267e-05,1.340911388397217e-01
3.979928078479134e-05,1.358020603656769e-01
3.985255898442119e-05,1.288259923458099e-01
3.990583718405105e-05,1.172773391008377e-01
3.995911538368091e-05,1.056564971804619e-01
4.001239358331077e-05,9.789248555898666e-02
4.006567542091943e-05,9.653466194868088e-02
4.011895362054929e-05,1.023215949535370e-01
4.017223182017915e-05,1.140814647078514e-01
4.022551001980901e-05,1.288982033729553e-01
4.027878821943887e-05,1.426401436328888e-01
4.033206641906872e-05,1.507477164268494e-01
4.038534825667739e-05,1.490253210067749e-01
4.043862645630725e-05,1.344090998172760e-01
4.049190465593711e-05,1.056731641292572e-01
4.054518285556696e-05,6.379960477352142e-02
4.059846105519682e-05,1.193649601191282e-02
4.065173925482668e-05,-4.491084441542625e-02
4.070502109243535e-05,-1.005246043205261e-01
4.075829929206520e-05,-1.484908908605576e-01
4.081157749169506e-05,-1.832451522350311e-01
4.086485569132492e-05,-2.009168267250061e-01
4.091813389095478e-05,-2.000315040349960e-01
4.097141209058464e-05,-1.818759888410568e-01
4.102469392819330e-05,-1.502428352832794e-01
4.107797212782316e-05,-1.107382476329803e-01
4.113125032745302e-05,-6.991206109523773e-02
4.118452852708288e-05,-3.415290266275406e-02
4.123780672671273e-05,-8.519902825355530e-03
4.129108492634259e-05,4.029539413750172e-03
4.134436676395126e-05,2.942883176729083e-03
4.139764496358112e-05,-9.930061176419258e-03
4.145092316321097e-05,-3.077352792024612e-02
4.150420136284083e-05,-5.469152331352234e-02
4.155747956247069e-05,-7.665395736694336e-02
4.161075776210055e-05,-9.229391068220139e-02
4.166403959970921e-05,-9.861895442008972e-02
4.171731779933907e-05,-9.447031468153000e-02
4.177059599896893e-05,-8.054862916469574e-02
4.182387419859879e-05,-5.917865782976151e-02
4.187715239822865e-05,-3.393190726637840e-02
4.193043059785850e-05,-9.009268134832382e-03
4.198371243546717e-05,1.149462163448334e-02
4.203699063509703e-05,2.421732619404793e-02
4.209026883472688e-05,2.708200924098492e-02
4.214354703435674e-05,1.977534592151642e-02
4.219682523398660e-05,3.912656102329493e-03
4.225010707159527e-05,-1.715905405580997e-02
4.230338527122512e-05,-3.878566622734070e-02
4.235666347085498e-05,-5.569776520133018e-02
4.240994167048484e-05,-6.295987963676453e-02
4.246321987011470e-05,-5.689223110675812e-02
4.251649806974456e-05,-3.577582165598869e-02
4.256977990735322e-05,-3.249210712965578e-04
4.262305810698308e-05,4.622253775596619e-02
4.267633630661294e-05,9.850129485130310e-02
4.272961450624280e-05,1.497241407632828e-01
4.278289270587265e-05,1.925432682037354e-01
4.283617090550251e-05,2.200314253568649e-01
4.288945274311118e-05,2.265889942646027e-01
4.294273094274104e-05,2.085954993963242e-01
4.299600914237089e-05,1.648752540349960e-01
4.304928734200075e-05,9.699805080890656e-02
4.310256554163061e-05,9.307380765676498e-03
4.315584374126047e-05,-9.124492108821869e-02
4.320912557886913e-05,-1.953603029251099e-01
4.326240377849899e-05,-2.919214963912964e-01
4.331568197812885e-05,-3.688864111900330e-01
4.336896017775871e-05,-4.144116044044495e-01
4.342223837738857e-05,-4.182151257991791e-01
4.347551657701842e-05,-3.732236325740814e-01
4.352879841462709e-05,-2.771863341331482e-01
4.358207661425695e-05,-1.338708549737930e-01
4.363535481388681e-05,4.631435871124268e-02
4.368863301351666e-05,2.465245723724365e-01
4.374191121314652e-05,4.448471069335938e-01
4.379518941277638e-05,6.167588233947754e-01
4.384847125038505e-05,7.383217215538025e-01
4.390174945001490e-05,7.898199558258057e-01
4.395502764964476e-05,7.593005895614624e-01
4.400830584927462e-05,6.451957225799561e-01
4.406158404890448e-05,4.574731290340424e-01
4.411486588651314e-05,2.170628011226654e-01
4.416814408614300e-05,-4.664291441440582e-02
4.422142228577286e-05,-3.000082969665527e-01
4.427470048540272e-05,-5.102748870849609e-01
4.432797868503258e-05,-6.506868600845337e-01
4.438125688466243e-05,-7.048191428184509e-01
4.443453872227110e-05,-6.691701412200928e-01
4.448781692190096e-05,-5.533722639083862e-01
4.454109512153082e-05,-3.781232833862305e-01
4.459437332116067e-05,-1.713273525238037e-01
4.464765152079053e-05,3.691098839044571e-02
4.470092972042039e-05,2.193737328052521e-01
4.475421155802906e-05,3.557481765747070e-01
4.480748975765891e-05,4.349889755249023e-01
4.486076795728877e-05,4.558317065238953e-01
4.491404615691863e-05,4.254375398159027e-01
4.496732435654849e-05,3.566726446151733e-01
4.502060255617835e-05,2.649296522140503e-01
4.507388439378701e-05,1.651555299758911e-01
4.512716259341687e-05,6.951010227203369e-02
4.518044079304673e-05,-1.391968037933111e-02
4.523371899267659e-05,-8.125737309455872e-02
4.528699719230644e-05,-1.321903467178345e-01
4.534027539193630e-05,-1.688671112060547e-01
4.539355722954497e-05,-1.945570707321167e-01
4.544683542917483e-05,-2.124491930007935e-01
4.550011362880468e-05,-2.248819172382355e-01
4.555339182843454e-05,-2.329818457365036e-01
4.560667002806440e-05,-2.366756498813629e-01
4.565994822769426e-05,-2.350919842720032e-01
4.571323006530292e-05,-2.271597981452942e-01
4.576650826493278e-05,-2.121534794569016e-01
4.581978646456264e-05,-1.901093423366547e-01
4.587306466419250e-05,-1.620284765958786e-01
4.592634286382236e-05,-1.297358572483063e-01
4.597962106345221e-05,-9.548500180244446e-02
4.603290290106088e-05,-6.150252744555473e-02
4.608618110069074e-05,-2.954730950295925e-02
4.613945930032060e-05,-5.937007954344153e-04
4.619273749995045e-05,2.520775422453880e-02
4.624601569958031e-05,4.833581298589706e-02
4.629929753718898e-05,6.961189955472946e-02
4.635257573681884e-05,8.985212445259094e-02
4.640585393644869e-05,1.095420420169830e-01
4.645913213607855e-05,1.286933124065399e-01
4.651241033570841e-05,1.468531042337418e-01
4.656568853533827e-05,1.631506681442261e-01
4.661897037294693e-05,1.764125823974609e-01
4.667224857257679e-05,1.853401660919189e-01
4.672552677220665e-05,1.886225789785385e-01
4.677880497183651e-05,1.850240677595139e-01
4.683208317146637e-05,1.735625267028809e-01
4.688536137109622e-05,1.536970734596252e-01
4.693864320870489e-05,1.254412233829498e-01
4.699192140833475e-05,8.948576450347900e-02
4.704519960796461e-05,4.728118702769279e-02
4.709847780759446e-05,9.156912565231323e-04
4.715175600722432e-05,-4.713649675250053e-02
4.720503420685418e-05,-9.424897283315659e-02
4.725831604446284e-05,-1.379162967205048e-01
4.731159424409270e-05,-1.760481297969818e-01
4.736487244372256e-05,-2.070847600698471e-01
4.741815064335242e-05,-2.299340218305588e-01
4.747142884298228e-05,-2.438908666372299e-01
4.752470704261214e-05,-2.485165894031525e-01
4.757798888022080e-05,-2.434529364109039e-01
4.763126707985066e-05,-2.283557504415512e-01
4.768454527948052e-05,-2.030246108770370e-01
4.773782347911038e-05,-1.676096618175507e-01
4.779110167874023e-05,-1.228823885321617e-01
4.784437987837009e-05,-7.058266550302505e-02
4.789766171597876e-05,-1.364910416305065e-02
4.795093991560861e-05,4.381845891475677e-02
4.800421811523847e-05,9.682893753051758e-02
4.805749631486833e-05,1.400239616632462e-01
4.811077451449819e-05,1.684871762990952e-01
4.816405271412805e-05,1.786304712295532e-01
4.821733455173671e-05,1.689072847366333e-01
4.827061275136657e-05,1.402673125267029e-01
4.832389095099643e-05,9.623400866985321e-02
4.837716915062629e-05,4.245790839195251e-02
4.843044735025615e-05,-1.416247151792049e-02
4.848372918786481e-05,-6.655751168727875e-02
4.853700738749467e-05,-1.086122319102287e-01
4.859028558712453e-05,-1.361526250839233e-01
4.864356378675438e-05,-1.475224494934082e-01
4.869684198638424e-05,-1.436429321765900e-01
4.875012018601410e-05,-1.276197731494904e-01
4.880340202362277e-05,-1.039663106203079e-01
4.885668022325262e-05,-7.758479565382004e-02
4.890995842288248e-05,-5.276714265346527e-02
4.896323662251234e-05,-3.241968154907227e-02
4.901651482214220e-05,-1.761923171579838e-02
4.906979302177206e-05,-7.588754873722792e-03
4.912307485938072e-05,-7.977818313520402e-05
4.917635305901058e-05,7.979691028594971e-03
4.922963125864044e-05,1.971308700740337e-02
4.928290945827030e-05,3.754414618015289e-02
4.933618765790015e-05,6.265022605657578e-02
4.938946585753001e-05,9.470266103744507e-02
4.944274769513868e-05,1.318648457527161e-01
4.949602589476854e-05,1.710393428802490e-01
4.954930409439839e-05,2.083052247762680e-01
4.960258229402825e-05,2.393737435340881e-01
4.965586049365811e-05,2.599698901176453e-01
4.970913869328797e-05,2.661671638488770e-01
4.976242053089663e-05,2.546409368515015e-01
4.981569873052649e-05,2.228315323591232e-01
4.986897693015635e-05,1.691752970218658e-01
4.992225512978621e-05,9.349330514669418e-02
4.997553332941607e-05,-2.541075227782130e-03
5.002881152904592e-05,-1.148862689733505e-01
5.008209336665459e-05,-2.366146445274353e-01
5.013537156628445e-05,-3.576737642288208e-01
5.018864976591431e-05,-4.652118086814880e-01
5.024192796554416e-05,-5.445432662963867e-01
5.029520616517402e-05,-5.808212757110596e-01
5.034848436480388e-05,-5.614334940910339e-01
5.040176620241255e-05,-4.787607789039612e-01
5.045504440204240e-05,-3.327296078205109e-01
5.050832260167226e-05,-1.326689720153809e-01
5.056160080130212e-05,1.020814180374146e-01
5.061487900093198e-05,3.433880209922791e-01
5.066816083854064e-05,5.575069785118103e-01
5.072143903817050e-05,7.098841667175293e-01
5.077471723780036e-05,7.710222601890564e-01
5.082799543743022e-05,7.224842905998230e-01
5.088127363706008e-05,5.616895556449890e-01
5.093455183668993e-05,3.043006956577301e-01
5.098783367429860e-05,-1.652536354959011e-02
5.104111187392846e-05,-3.543682098388672e-01
5.109439007355832e-05,-6.569389700889587e-01
5.114766827318817e-05,-8.753263950347900e-01
5.120094647281803e-05,-9.732496142387390e-01
5.125422467244789e-05,-9.344539642333984e-01
5.130750651005656e-05,-7.664715051651001e-01
5.136078470968641e-05,-4.995340704917908e-01
5.141406290931627e-05,-1.806844919919968e-01
5.146734110894613e-05,1.356887221336365e-01
5.152061930857599e-05,3.989365100860596e-01
5.157389750820585e-05,5.723382234573364e-01
5.162717934581451e-05,6.398590803146362e-01
5.168045754544437e-05,6.079117655754089e-01
5.173373574507423e-05,5.019083023071289e-01
5.178701394470409e-05,3.585604429244995e-01
5.184029214433394e-05,2.160021960735321e-01
5.189357034396380e-05,1.045051440596581e-01
5.194685218157247e-05,4.019237309694290e-02
5.200013038120233e-05,2.309903502464294e-02
5.205340858083218e-05,3.978771716356277e-02
5.210668678046204e-05,6.944648921489716e-02
5.215996498009190e-05,9.129907935857773e-02
5.221324317972176e-05,9.099944680929184e-02
5.226652501733042e-05,6.433059275150299e-02
5.231980321696028e-05,1.737332157790661e-02
5.237308141659014e-05,-3.661879897117615e-02
5.242635961622000e-05,-8.225863426923752e-02
5.247963781584986e-05,-1.071484535932541e-01
5.253291965345852e-05,-1.055892407894135e-01
5.258619785308838e-05,-7.993172109127045e-02
5.263947605271824e-05,-3.935112059116364e-02
5.269275425234810e-05,3.253779141232371e-03
5.274603245197795e-05,3.501737862825394e-02
5.279931065160781e-05,4.641592502593994e-02
5.285259248921648e-05,3.333576023578644e-02
5.290587068884633e-05,-2.493651583790779e-03
5.295914888847619e-05,-5.451136827468872e-02
5.301242708810605e-05,-1.131941080093384e-01
5.306570528773591e-05,-1.682047545909882e-01
5.311898348736577e-05,-2.103447616100311e-01
5.317226532497443e-05,-2.329525351524353e-01
5.322554352460429e-05,-2.326621115207672e-01
5.327882172423415e-05,-2.096213102340698e-01
5.333209992386401e-05,-1.672219038009644e-01
5.338537812349387e-05,-1.114034950733185e-01
5.343865632312372e-05,-4.968470335006714e-02
5.349193816073239e-05,9.974833577871323e-03
5.354521636036225e-05,6.040778383612633e-02
5.359849455999210e-05,9.635706990957260e-02
5.365177275962196e-05,1.152393221855164e-01
5.370505095925182e-05,1.174519285559654e-01
5.375832915888168e-05,1.061657518148422e-01
5.381161099649034e-05,8.658015727996826e-02
5.386488919612020e-05,6.480494141578674e-02
5.391816739575006e-05,4.664648696780205e-02
5.397144559537992e-05,3.651213273406029e-02
5.402472379500978e-05,3.662982583045959e-02
5.407800199463964e-05,4.676723480224609e-02
5.413128383224830e-05,6.446740776300430e-02
5.418456203187816e-05,8.568318933248520e-02
5.423784023150802e-05,1.056924685835838e-01
5.429111843113787e-05,1.201095208525658e-01
5.434439663076773e-05,1.257358640432358e-01
5.439767483039759e-05,1.210997700691223e-01
5.445095666800626e-05,1.066399216651917e-01
5.450423486763611e-05,8.448700606822968e-02
5.455751306726597e-05,5.790291354060173e-02
5.461079126689583e-05,3.058594278991222e-02
5.466406946652569e-05,5.997965112328529e-03
5.471735130413435e-05,-1.321398001164198e-02
5.477062950376421e-05,-2.556754462420940e-02
5.482390770339407e-05,-3.077978640794754e-02
5.487718590302393e-05,-2.958136051893234e-02
5.493046410265379e-05,-2.341244928538799e-02
5.498374230228364e-05,-1.401893980801105e-02
5.503702413989231e-05,-3.059119684621692e-03
5.509030233952217e-05,8.123154751956463e-03
5.514358053915203e-05,1.856013759970665e-02
5.519685873878188e-05,2.762794122099876e-02
5.525013693841174e-05,3.491529077291489e-02
5.530341513804160e-05,4.003628343343735e-02
5.535669697565027e-05,4.251374304294586e-02
5.540997517528012e-05,4.177019000053406e-02
5.546325337490998e-05,3.718562796711922e-02
5.551653157453984e-05,2.823127433657646e-02
5.556980977416970e-05,1.466360501945019e-02
5.562308797379956e-05,-3.318973584100604e-03
5.567636981140822e-05,-2.500671148300171e-02
5.572964801103808e-05,-4.918223246932030e-02
5.578292621066794e-05,-7.421866059303284e-02
5.583620441029780e-05,-9.827440977096558e-02
5.588948260992765e-05,-1.195099502801895e-01
5.594276080955751e-05,-1.362807005643845e-01
5.599604264716618e-05,-1.473133563995361e-01
5.604932084679604e-05,-1.518247276544571e-01
5.610259904642589e-05,-1.495327502489090e-01
5.615587724605575e-05,-1.405917704105377e-01
5.620915544568561e-05,-1.254897266626358e-01
5.626243364531547e-05,-1.049024090170860e-01
5.631571548292413e-05,-7.953940331935883e-02
5.636899368255399e-05,-5.005873739719391e-02
5.642227188218385e-05,-1.707116886973381e-02
5.647555008181371e-05,1.877567917108536e-02
5.652882828144357e-05,5.662160366773605e-02
5.658210648107342e-05,9.515027701854706e-02
5.663538831868209e-05,1.323715448379517e-01
5.668866651831195e-05,1.655245423316956e-01
5.674194471794181e-05,1.911690682172775e-01
5.679522291757166e-05,2.055145353078842e-01
5.684850111720152e-05,2.049898505210876e-01
5.690178295481019e-05,1.869826018810272e-01
5.695506115444005e-05,1.506127417087555e-01
5.700833935406990e-05,9.736661612987518e-02
5.706161755369976e-05,3.140828758478165e-02
5.711489575332962e-05,-4.056016728281975e-02
5.716817395295948e-05,-1.099359095096588e-01
5.722145579056814e-05,-1.673087328672409e-01
5.727473399019800e-05,-2.038567513227463e-01
5.732801218982786e-05,-2.127981036901474e-01
5.738129038945772e-05,-1.906393468379974e-01
5.743456858908758e-05,-1.379953026771545e-01
5.748784678871743e-05,-5.980545282363892e-02
5.754112862632610e-05,3.512858226895332e-02
5.759440682595596e-05,1.352207213640213e-01
5.764768502558582e-05,2.276292145252228e-01
5.770096322521567e-05,3.000122308731079e-01
5.775424142484553e-05,3.422472178936005e-01
5.780751962447539e-05,3.478562831878662e-01
5.786080146208405e-05,3.149337470531464e-01
5.791407966171391e-05,2.464495599269867e-01
5.796735786134377e-05,1.498949825763702e-01
5.802063606097363e-05,3.632903844118118e-02
5.807391426060349e-05,-8.104433119297028e-02
5.812719246023335e-05,-1.885870397090912e-01
5.818047429784201e-05,-2.739961147308350e-01
5.823375249747187e-05,-3.279024362564087e-01
5.828703069710173e-05,-3.450941741466522e-01
5.834030889673159e-05,-3.251909613609314e-01
5.839358709636144e-05,-2.726566195487976e-01
5.844686529599130e-05,-1.961359679698944e-01
5.850014713359997e-05,-1.071886643767357e-01
5.855342533322982e-05,-1.857062987983227e-02
5.860670353285968e-05,5.768367648124695e-02
5.865998173248954e-05,1.120602115988731e-01
5.871325993211940e-05,1.389506161212921e-01
5.876654176972806e-05,1.373829543590546e-01
5.881981996935792e-05,1.109430044889450e-01
5.887309816898778e-05,6.689408421516418e-02
5.892637636861764e-05,1.467886567115784e-02
5.897965456824750e-05,-3.590665385127068e-02
5.903293276787736e-05,-7.650915533304214e-02
5.908621460548602e-05,-1.016104072332382e-01
5.913949280511588e-05,-1.092439517378807e-01
5.919277100474574e-05,-1.009361743927002e-01
5.924604920437559e-05,-8.092616498470306e-02
5.929932740400545e-05,-5.487394332885742e-02
5.935260560363531e-05,-2.839789167046547e-02
5.940588744124398e-05,-5.793012678623199e-03
5.945916564087383e-05,1.080139260739088e-02
5.951244384050369e-05,2.161953970789909e-02
5.956572204013355e-05,2.885495126247406e-02
5.961900023976341e-05,3.577744588255882e-02
5.967227843939327e-05,4.564094543457031e-02
5.972556027700193e-05,6.065800786018372e-02
5.977883847663179e-05,8.130435645580292e-02
5.983211667626165e-05,1.061259657144547e-01
5.988539487589151e-05,1.320585310459137e-01
5.993867307552136e-05,1.551546752452850e-01
5.999195127515122e-05,1.715376675128937e-01
6.004523311275989e-05,1.783192157745361e-01
6.009851131238975e-05,1.742360889911652e-01
6.015178951201960e-05,1.598888933658600e-01
6.020506771164946e-05,1.375581324100494e-01
6.025834591127932e-05,1.106304079294205e-01
6.031162411090918e-05,8.280906081199646e-02
6.036490594851784e-05,5.735334008932114e-02
6.041818414814770e-05,3.650041669607162e-02
6.047146234777756e-05,2.115470916032791e-02
6.052474054740742e-05,1.092503871768713e-02
6.057801874703728e-05,4.472941160202026e-03
6.063129694666713e-05,4.566197276290040e-06
6.068457878427580e-05,-4.224780481308699e-03
6.073785698390566e-05,-9.467999450862408e-03
6.079113518353552e-05,-1.621720194816589e-02
6.084441338316537e-05,-2.416790276765823e-02
6.089769158279523e-05,-3.234963119029999e-02
6.095097342040390e-05,-3.936031088232994e-02
6.100425162003376e-05,-4.368349164724350e-02
6.105752981966361e-05,-4.400559514760971e-02
6.111081165727228e-05,-3.944734856486320e-02
6.116408621892333e-05,-2.971822023391724e-02
6.121736805653200e-05,-1.519739069044590e-02
6.127064261818305e-05,3.102058311924338e-03
6.132392445579171e-05,2.366111055016518e-02
6.137719901744276e-05,4.462140798568726e-02
6.143048085505143e-05,6.401289999485016e-02
6.148376269266009e-05,8.003722131252289e-02
6.153703725431114e-05,9.131903946399689e-02
6.159031909191981e-05,9.709127992391586e-02
6.164359365357086e-05,9.731923788785934e-02
6.169687549117953e-05,9.268447011709213e-02
6.175015732878819e-05,8.437850326299667e-02
6.180343189043924e-05,7.378803938627243e-02
6.185671372804791e-05,6.213781237602234e-02
6.190998828969896e-05,5.011583119630814e-02
6.196327012730762e-05,3.761452436447144e-02
6.201654468895867e-05,2.373236976563931e-02
6.206982652656734e-05,7.011496927589178e-03
6.212310836417601e-05,-1.415786426514387e-02
6.217638292582706e-05,-4.098874330520630e-02
6.222966476343572e-05,-7.374472916126251e-02
6.228293932508677e-05,-1.114061772823334e-01
6.233622116269544e-05,-1.516283601522446e-01
6.238950300030410e-05,-1.909702420234680e-01
6.244277756195515e-05,-2.254094779491425e-01
6.249605939956382e-05,-2.510550916194916e-01
6.254933396121487e-05,-2.648297250270844e-01
6.260261579882354e-05,-2.649722099304199e-01
6.265589036047459e-05,-2.513149678707123e-01
6.270917219808325e-05,-2.252510488033295e-01
6.276245403569192e-05,-1.893833130598068e-01
6.281572859734297e-05,-1.470104455947876e-01
6.286901043495163e-05,-1.015854105353355e-01
6.292228499660268e-05,-5.620783567428589e-02
6.297556683421135e-05,-1.326813455671072e-02
6.302884867182001e-05,2.567162737250328e-02
6.308212323347107e-05,5.982574075460434e-02
6.313540507107973e-05,8.903091400861740e-02
6.318867963273078e-05,1.134986877441406e-01
6.324196147033945e-05,1.335552930831909e-01
6.329524330794811e-05,1.494640409946442e-01
6.334851786959916e-05,1.613010764122009e-01
6.340179970720783e-05,1.688499748706818e-01
6.345507426885888e-05,1.715677231550217e-01
6.350835610646755e-05,1.686188280582428e-01
6.356163066811860e-05,1.589275896549225e-01
6.361491250572726e-05,1.413015574216843e-01
6.366819434333593e-05,1.146877408027649e-01
6.372146890498698e-05,7.850767672061920e-02
6.377475074259564e-05,3.302095085382462e-02
6.382802530424669e-05,-2.029283344745636e-02
6.388130714185536e-05,-7.844585925340652e-02
6.393458897946402e-05,-1.368961632251740e-01
6.398786354111508e-05,-1.897763609886169e-01
6.404114537872374e-05,-2.303999364376068e-01
6.409441994037479e-05,-2.520716190338135e-01
6.414770177798346e-05,-2.491049170494080e-01
6.420097633963451e-05,-2.178501784801483e-01
6.425425817724317e-05,-1.576013863086700e-01
6.430754001485184e-05,-7.125984132289886e-02
6.436081457650289e-05,3.443521633744240e-02
6.441409641411155e-05,1.492151021957397e-01
6.446737097576261e-05,2.601017951965332e-01
6.452065281337127e-05,3.527204394340515e-01
6.457393465097994e-05,4.130506515502930e-01
6.462720921263099e-05,4.294053912162781e-01
6.468049105023965e-05,3.943630456924438e-01
6.473376561189070e-05,3.064082562923431e-01
6.478704744949937e-05,1.709738224744797e-01
6.484032201115042e-05,5.545566673390567e-04
6.489360384875908e-05,-1.862759441137314e-01
6.494688568636775e-05,-3.669459819793701e-01
6.500016024801880e-05,-5.179207324981689e-01
6.505344208562747e-05,-6.183012127876282e-01
6.510671664727852e-05,-6.533668637275696e-01
6.515999848488718e-05,-6.173932552337646e-01
6.521328032249585e-05,-5.151360630989075e-01
6.526655488414690e-05,-3.615081310272217e-01
6.531983672175556e-05,-1.793330162763596e-01
6.537311128340662e-05,4.495340399444103e-03
6.542639312101528e-05,1.637656986713409e-01
6.547967495862395e-05,2.776900529861450e-01
6.553294952027500e-05,3.345850110054016e-01
6.558623135788366e-05,3.336416482925415e-01
6.563950591953471e-05,2.843933105468750e-01
6.569278775714338e-05,2.039969861507416e-01
6.574606231879443e-05,1.129594296216965e-01
6.579934415640309e-05,3.037424013018608e-02
6.585262599401176e-05,-3.012917935848236e-02
6.590590055566281e-05,-6.277183443307877e-02
6.595918239327148e-05,-6.982959806919098e-02
6.601245695492253e-05,-5.971495807170868e-02
6.606573879253119e-05,-4.361311718821526e-02
6.611902063013986e-05,-3.174550831317902e-02
6.617229519179091e-05,-3.034796379506588e-02
6.622557702939957e-05,-4.018539935350418e-02
6.627885159105062e-05,-5.694944784045219e-02
6.633213342865929e-05,-7.326748967170715e-02
6.638540799031034e-05,-8.155097067356110e-02
6.643868982791901e-05,-7.671976834535599e-02
6.649197166552767e-05,-5.794402211904526e-02
6.654524622717872e-05,-2.889073453843594e-02
6.659852806478739e-05,3.511232091113925e-03
6.665180262643844e-05,3.128950670361519e-02
6.670508446404710e-05,4.787523299455643e-02
6.675836630165577e-05,5.001151561737061e-02
6.681164086330682e-05,3.857493400573730e-02
6.686492270091549e-05,1.816437020897865e-02
6.691819726256654e-05,-4.291846416890621e-03
6.697147910017520e-05,-2.142401784658432e-02
6.702475366182625e-05,-2.724401280283928e-02
6.707803549943492e-05,-1.843214780092239e-02
6.713131733704358e-05,5.142354872077703e-03
6.718459189869463e-05,4.063616693019867e-02
6.723787373630330e-05,8.299253135919571e-02
6.729114829795435e-05,1.259925067424774e-01
6.734443013556302e-05,1.633502840995789e-01
6.739771197317168e-05,1.896872967481613e-01
6.745098653482273e-05,2.013029456138611e-01
6.750426837243140e-05,1.966925561428070e-01
6.755754293408245e-05,1.767737716436386e-01
6.761082477169111e-05,1.447820365428925e-01
6.766410660929978e-05,1.057964190840721e-01
6.771738117095083e-05,6.591581553220749e-02
6.777066300855950e-05,3.120632469654083e-02
6.782393757021055e-05,6.598595064133406e-03
6.787721940781921e-05,-5.048543214797974e-03
6.793049396947026e-05,-3.485554829239845e-03
6.798377580707893e-05,8.935568854212761e-03
6.803705764468759e-05,2.779553830623627e-02
6.809033220633864e-05,4.754823073744774e-02
6.814361404394731e-05,6.268721073865891e-02
6.819688860559836e-05,6.887560337781906e-02
6.825017044320703e-05,6.378266960382462e-02
6.830345228081569e-05,4.749765247106552e-02
6.835672684246674e-05,2.248139679431915e-02
6.841000868007541e-05,-6.942506413906813e-03
6.846328324172646e-05,-3.544227033853531e-02
6.851656507933512e-05,-5.766998231410980e-02
6.856983964098617e-05,-6.922145932912827e-02
6.862312147859484e-05,-6.742752343416214e-02
6.867640331620350e-05,-5.182214081287384e-02
6.872967787785456e-05,-2.420574985444546e-02
6.878295971546322e-05,1.165518350899220e-02
6.883623427711427e-05,5.062530934810638e-02
6.888951611472294e-05,8.701255917549133e-02
6.894279795233160e-05,1.154353246092796e-01
6.899607251398265e-05,1.315795183181763e-01
6.904935435159132e-05,1.327594369649887e-01
6.910262891324237e-05,1.182173490524292e-01
6.915591075085104e-05,8.911037445068359e-02
6.920918531250209e-05,4.822432249784470e-02
6.926246715011075e-05,-4.896285827271640e-04
6.931574898771942e-05,-5.249065160751343e-02
6.936902354937047e-05,-1.032558009028435e-01
6.942230538697913e-05,-1.488063335418701e-01
6.947557994863018e-05,-1.860913038253784e-01
6.952886178623885e-05,-2.132170796394348e-01
6.958214362384751e-05,-2.294953316450119e-01
6.963541818549857e-05,-2.353113740682602e-01
6.968870002310723e-05,-2.318744510412216e-01
6.974197458475828e-05,-2.208966910839081e-01
6.979525642236695e-05,-2.042300105094910e-01
6.984853825997561e-05,-1.835258007049561e-01
6.990181282162666e-05,-1.599816232919693e-01
6.995509465923533e-05,-1.341895163059235e-01
7.000836922088638e-05,-1.061131358146667e-01
7.006165105849504e-05,-7.522217929363251e-02
7.011492562014610e-05,-4.075101017951965e-02
7.016820745775476e-05,-2.022162079811096e-03
7.022148929536343e-05,4.119527712464333e-02
7.027476385701448e-05,8.835817873477936e-02
7.032804569462314e-05,1.379464268684387e-01
7.038132025627419e-05,1.874183267354965e-01
7.043460209388286e-05,2.333270311355591e-01
7.048788393149152e-05,2.716295719146729e-01
7.054115849314258e-05,2.981655597686768e-01
7.059444033075124e-05,3.092039227485657e-01
7.064771489240229e-05,3.019882440567017e-01
7.070099673001096e-05,2.752359509468079e-01
7.075427129166201e-05,2.294854223728180e-01
7.080755312927067e-05,1.672080457210541e-01
7.086083496687934e-05,9.270399063825607e-02
7.091410952853039e-05,1.179169770330191e-02
7.096739136613905e-05,-6.871603429317474e-02
7.102066592779011e-05,-1.416807323694229e-01
7.107394776539877e-05,-2.003434151411057e-01
7.112722960300744e-05,-2.390258014202118e-01
7.118050416465849e-05,-2.537851333618164e-01
7.123378600226715e-05,-2.429263293743134e-01
7.128706056391820e-05,-2.073189616203308e-01
7.134034240152687e-05,-1.505098044872284e-01
7.139362423913553e-05,-7.857308536767960e-02
7.144689880078658e-05,3.544899518601596e-04
7.150018063839525e-05,7.681946456432343e-02
7.155345520004630e-05,1.410252898931503e-01
7.160673703765497e-05,1.839877814054489e-01
7.166001159930602e-05,1.987366974353790e-01
7.171329343691468e-05,1.813667714595795e-01
7.176657527452335e-05,1.317888349294662e-01
7.181984983617440e-05,5.404444783926010e-02
7.187313167378306e-05,-4.395323991775513e-02
7.192640623543411e-05,-1.512775123119354e-01
7.197968807304278e-05,-2.553337514400482e-01
7.203296991065145e-05,-3.435331284999847e-01
7.208624447230250e-05,-4.050757586956024e-01
7.213952630991116e-05,-4.325362443923950e-01
7.219280087156221e-05,-4.229679107666016e-01
7.224608270917088e-05,-3.783507049083710e-01
7.229935727082193e-05,-3.052833378314972e-01
7.235263910843059e-05,-2.139296531677246e-01
7.240592094603926e-05,-1.164010688662529e-01
7.245919550769031e-05,-2.486695908010006e-02
7.251247734529898e-05,5.030421540141106e-02
7.256575190695003e-05,1.020576506853104e-01
7.261903374455869e-05,1.275401562452316e-01
7.267231558216736e-05,1.282306462526321e-01
7.272559014381841e-05,1.093348413705826e-01
7.277887198142707e-05,7.857405394315720e-02
7.283214654307812e-05,4.461373388767242e-02
7.288542838068679e-05,1.546000130474567e-02
7.293870294233784e-05,-2.873705700039864e-03
7.299198477994651e-05,-7.209667004644871e-03
7.304526661755517e-05,2.572676166892052e-03
7.309854117920622e-05,2.393387816846371e-02
7.315182301681489e-05,5.253808945417404e-02
7.320509757846594e-05,8.335374295711517e-02
7.325837941607460e-05,1.117450222373009e-01
7.331166125368327e-05,1.343165338039398e-01
7.336493581533432e-05,1.493471413850784e-01
7.341821765294299e-05,1.567742228507996e-01
7.347149221459404e-05,1.577958464622498e-01
7.352477405220270e-05,1.542323827743530e-01
7.357805588981137e-05,1.478444188833237e-01
7.363133045146242e-05,1.398009061813354e-01
7.368461228907108e-05,1.304251551628113e-01
7.373788685072213e-05,1.192602217197418e-01
7.379116868833080e-05,1.054113507270813e-01
7.384444324998185e-05,8.804639428853989e-02
7.389772508759052e-05,6.689143180847168e-02
7.395100692519918e-05,4.256705939769745e-02
7.400428148685023e-05,1.665973849594593e-02
7.405756332445890e-05,-8.498501963913441e-03
7.411083788610995e-05,-3.028763830661774e-02
7.416411972371861e-05,-4.637642949819565e-02
7.421740156132728e-05,-5.526319891214371e-02
7.427067612297833e-05,-5.663038045167923e-02
7.432395796058699e-05,-5.142370983958244e-02
7.437723252223805e-05,-4.164346307516098e-02
7.443051435984671e-05,-2.989830076694489e-02
7.448378892149776e-05,-1.883650384843349e-02
7.453707075910643e-05,-1.060815434902906e-02
7.459035259671509e-05,-6.482878234237432e-03
7.464362715836614e-05,-6.685021333396435e-03
7.469690899597481e-05,-1.046647410839796e-02
7.475018355762586e-05,-1.638055592775345e-02
7.480346539523453e-05,-2.265547960996628e-02
7.485674723284319e-05,-2.756463736295700e-02
7.491002179449424e-05,-2.973144873976707e-02
7.496330363210291e-05,-2.831791713833809e-02
7.501657819375396e-05,-2.307054400444031e-02
7.506986003136262e-05,-1.425984688103199e-02
7.512313459301367e-05,-2.566035836935043e-03
7.517641643062234e-05,1.106935925781727e-02
7.522969826823100e-05,2.560004964470863e-02
7.528297282988206e-05,3.999959677457809e-02
7.533625466749072e-05,5.335338041186333e-02
7.538952922914177e-05,6.493572890758514e-02
7.544281106675044e-05,7.425477355718613e-02
7.549609290435910e-05,8.105124533176422e-02
7.554936746601015e-05,8.527114987373352e-02
7.560264930361882e-05,8.701357245445251e-02
7.565592386526987e-05,8.643757551908493e-02
7.570920570287853e-05,8.365514874458313e-02
7.576248754048720e-05,7.865173369646072e-02
7.581576210213825e-05,7.124282419681549e-02
7.586904393974692e-05,6.108252704143524e-02
7.592231850139797e-05,4.775759205222130e-02
7.597560033900663e-05,3.095712885260582e-02
7.602887490065768e-05,1.067072898149490e-02
7.608215673826635e-05,-1.262010168284178e-02
7.613543857587501e-05,-3.780510276556015e-02
7.618871313752607e-05,-6.313541531562805e-02
7.624199497513473e-05,-8.637511730194092e-02
7.629526953678578e-05,-1.050931066274643e-01
7.634855137439445e-05,-1.170589774847031e-01
7.640183321200311e-05,-1.206723153591156e-01
7.645510777365416e-05,-1.153105944395065e-01
7.650838961126283e-05,-1.015018448233604e-01
7.656166417291388e-05,-8.088132739067078e-02
7.661494601052254e-05,-5.592230707406998e-02
7.666822057217360e-05,-2.948394417762756e-02
7.672150240978226e-05,-4.291297402232885e-03
7.677478424739093e-05,1.753027737140656e-02
7.682805880904198e-05,3.477347642183304e-02
7.688134064665064e-05,4.724560305476189e-02
7.693461520830169e-05,5.561997741460800e-02
7.698789704591036e-05,6.110556051135063e-02
7.704117888351902e-05,6.503210961818695e-02
7.709445344517007e-05,6.844150274991989e-02
7.714773528277874e-05,7.178733497858047e-02
7.720100984442979e-05,7.481936365365982e-02
7.725429168203846e-05,7.665264606475830e-02
7.730756624368951e-05,7.598022371530533e-02
7.736084808129817e-05,7.138072699308395e-02
7.741412991890684e-05,6.164337322115898e-02
7.746740448055789e-05,4.602865129709244e-02
7.752068631816655e-05,2.443603239953518e-02
7.757396087981761e-05,-2.522622700780630e-03
7.762724271742627e-05,-3.354832530021667e-02
7.768052455503494e-05,-6.674751639366150e-02
7.773379911668599e-05,-9.974315762519836e-02
7.778708095429465e-05,-1.298030763864517e-01
7.784035551594570e-05,-1.540011465549469e-01
7.789363735355437e-05,-1.694031208753586e-01
7.794691919116303e-05,-1.732930839061737e-01
7.800019375281408e-05,-1.634806096553802e-01
7.805347559042275e-05,-1.386694908142090e-01
7.810675015207380e-05,-9.882992506027222e-02
7.816003198968247e-05,-4.552808403968811e-02
7.821330655133352e-05,1.785532012581825e-02
7.826658838894218e-05,8.613108098506927e-02
7.831987022655085e-05,1.526001840829849e-01
7.837314478820190e-05,2.096458375453949e-01
7.842642662581056e-05,2.496001720428467e-01
7.847970118746161e-05,2.658155858516693e-01
7.853298302507028e-05,2.537751197814941e-01
7.858626486267895e-05,2.120539247989655e-01
7.863953942433000e-05,1.429656594991684e-01
7.869282126193866e-05,5.272243544459343e-02
7.874609582358971e-05,-4.901323840022087e-02
7.879937766119838e-05,-1.501772850751877e-01
7.885265222284943e-05,-2.378478944301605e-01
7.890593406045809e-05,-3.001133501529694e-01
7.895921589806676e-05,-3.279762268066406e-01
7.901249045971781e-05,-3.169376850128174e-01
7.906577229732648e-05,-2.679656445980072e-01
7.911904685897753e-05,-1.876305341720581e-01
7.917232869658619e-05,-8.728259801864624e-02
7.922561053419486e-05,1.866700313985348e-02
7.927888509584591e-05,1.150742322206497e-01
7.933216693345457e-05,1.886070072650909e-01
7.938544149510562e-05,2.300498187541962e-01
7.943872333271429e-05,2.358887493610382e-01
7.949199789436534e-05,2.088186740875244e-01
7.954527973197401e-05,1.570605188608170e-01
7.959856156958267e-05,9.260680526494980e-02
7.965183613123372e-05,2.873422950506210e-02
7.970511796884239e-05,-2.267695590853691e-02
7.975839253049344e-05,-5.341826379299164e-02
7.981167436810210e-05,-6.034153327345848e-02
7.986495620571077e-05,-4.557364806532860e-02
7.991823076736182e-05,-1.553129218518734e-02
7.997151260497048e-05,2.096951007843018e-02
8.002478716662154e-05,5.498764663934708e-02
8.007806900423020e-05,7.954479008913040e-02
8.013135084183887e-05,9.101669490337372e-02
8.018462540348992e-05,8.949877321720123e-02
8.023790724109858e-05,7.813695073127747e-02
8.029118180274963e-05,6.172019243240356e-02
8.034446364035830e-05,4.499306529760361e-02
8.039773820200935e-05,3.119952604174614e-02
8.045102003961802e-05,2.130045369267464e-02
8.050430187722668e-05,1.405795291066170e-02
8.055757643887773e-05,6.869512610137463e-03
8.061085827648640e-05,-2.973987720906734e-03
8.066413283813745e-05,-1.704020053148270e-02
8.071741467574611e-05,-3.495890647172928e-02
8.077069651335478e-05,-5.435133725404739e-02
8.082397107500583e-05,-7.148161530494690e-02
8.087725291261449e-05,-8.240000158548355e-02
8.093052747426555e-05,-8.421429991722107e-02
8.098380931187421e-05,-7.607731223106384e-02
8.103708387352526e-05,-5.957634374499321e-02
8.109036571113393e-05,-3.842872008681297e-02
8.114364754874259e-05,-1.760014146566391e-02
8.119692211039364e-05,-2.109868917614222e-03
8.125020394800231e-05,4.138372372835875e-03
8.130347850965336e-05,-8.066480513662100e-04
8.135676034726202e-05,-1.660731062293053e-02
8.141004218487069e-05,-4.081670939922333e-02
8.146331674652174e-05,-6.946676969528198e-02
8.151659858413041e-05,-9.787736833095551e-02
8.156987314578146e-05,-1.214885860681534e-01
8.162315498339012e-05,-1.365713179111481e-01
8.167642954504117e-05,-1.407327950000763e-01
8.172971138264984e-05,-1.331846714019775e-01
8.178299322025850e-05,-1.147818788886070e-01
8.183626778190956e-05,-8.785270899534225e-02
8.188954961951822e-05,-5.583632737398148e-02
8.194282418116927e-05,-2.276051603257656e-02
8.199610601877794e-05,7.380619179457426e-03
8.204938785638660e-05,3.126756846904755e-02
8.210266241803765e-05,4.680600017309189e-02
8.215594425564632e-05,5.346513539552689e-02
8.220921881729737e-05,5.232200026512146e-02
8.226250065490603e-05,4.579442366957664e-02
8.231578249251470e-05,3.710506856441498e-02
8.236905705416575e-05,2.958520315587521e-02
8.242233889177442e-05,2.597719989717007e-02
8.247561345342547e-05,2.788230776786804e-02
8.252889529103413e-05,3.545267507433891e-02
8.258216985268518e-05,4.738357290625572e-02
8.263545169029385e-05,6.119818985462189e-02
8.268873352790251e-05,7.374301552772522e-02
8.274200808955356e-05,8.178518712520599e-02
8.279528992716223e-05,8.260817825794220e-02
8.284856448881328e-05,7.449702173471451e-02
8.290184632642195e-05,5.702455341815948e-02
8.295512816403061e-05,3.110860660672188e-02
8.300840272568166e-05,-1.148132607340813e-03
8.306168456329033e-05,-3.680365905165672e-02
8.311495912494138e-05,-7.253564894199371e-02
8.316824096255004e-05,-1.051178500056267e-01
8.322151552420110e-05,-1.318364441394806e-01
8.327479736180976e-05,-1.507877707481384e-01
8.332807919941843e-05,-1.610114872455597e-01
8.338135376106948e-05,-1.624565720558167e-01
8.343463559867814e-05,-1.558187603950500e-01
8.348791016032919e-05,-1.422914713621140e-01
8.354119199793786e-05,-1.232815310359001e-01
8.359447383554652e-05,-1.001585721969604e-01
8.364774839719757e-05,-7.408370822668076e-02
8.370103023480624e-05,-4.592564329504967e-02
8.375430479645729e-05,-1.626851968467236e-02
8.380758663406596e-05,1.449610572308302e-02
8.386086119571701e-05,4.603565484285355e-02
8.391414303332567e-05,7.794520258903503e-02
8.396742487093434e-05,1.096339151263237e-01
8.402069943258539e-05,1.402502655982971e-01
8.407398127019405e-05,1.686716526746750e-01
8.412725583184510e-05,1.935508698225021e-01
8.418053766945377e-05,2.133954614400864e-01
8.423381950706244e-05,2.266785502433777e-01
8.428709406871349e-05,2.319754064083099e-01
8.434037590632215e-05,2.281011939048767e-01
8.439365046797320e-05,2.142442166805267e-01
8.444693230558187e-05,1.901025176048279e-01
8.450021414319053e-05,1.560118496417999e-01
8.455348870484158e-05,1.130426153540611e-01
8.460677054245025e-05,6.306008994579315e-02
8.466004510410130e-05,8.731460198760033e-03
8.471332694170997e-05,-4.655288904905319e-02
8.476660150336102e-05,-9.885682165622711e-02
8.481988334096968e-05,-1.439718306064606e-01
8.487316517857835e-05,-1.777840107679367e-01
8.492643974022940e-05,-1.967115998268127e-01
8.497972157783806e-05,-1.981583535671234e-01
8.503299613948911e-05,-1.809258162975311e-01
8.508627797709778e-05,-1.455259025096893e-01
8.513955981470644e-05,-9.432563185691833e-02
8.519283437635750e-05,-3.147518634796143e-02
8.524611621396616e-05,3.738788515329361e-02
8.529939077561721e-05,1.056466028094292e-01
8.535267261322588e-05,1.663871109485626e-01
8.540594717487693e-05,2.131734788417816e-01
8.545922901248559e-05,2.408125102519989e-01
8.551251085009426e-05,2.460156679153442e-01
8.556578541174531e-05,2.278662621974945e-01
8.561906724935398e-05,1.880106329917908e-01
8.567234181100503e-05,1.305397599935532e-01
8.572562364861369e-05,6.157089397311211e-02
8.577890548622236e-05,-1.143159531056881e-02
8.583218004787341e-05,-8.052325993776321e-02
8.588546188548207e-05,-1.382220983505249e-01
8.593873644713312e-05,-1.784081310033798e-01
8.599201828474179e-05,-1.970665454864502e-01
8.604530012235045e-05,-1.927747726440430e-01
8.609857468400151e-05,-1.668638437986374e-01
8.615185652161017e-05,-1.232318803668022e-01
8.620513108326122e-05,-6.782591342926025e-02
8.625841292086989e-05,-7.856924086809158e-03
8.631168748252094e-05,4.914404451847076e-02
8.636496932012960e-05,9.630250185728073e-02
8.641825115773827e-05,1.282785832881927e-01
8.647152571938932e-05,1.419152617454529e-01
8.652480755699798e-05,1.365596354007721e-01
8.657808211864904e-05,1.140233203768730e-01
8.663136395625770e-05,7.819361984729767e-02
8.668464579386637e-05,3.435301035642624e-02
8.673792035551742e-05,-1.167195569723845e-02
8.679120219312608e-05,-5.438053607940674e-02
8.684447675477713e-05,-8.934949338436127e-02
8.689775859238580e-05,-1.137521564960480e-01
8.695103315403685e-05,-1.265575587749481e-01
8.700431499164551e-05,-1.283985823392868e-01
8.705759682925418e-05,-1.211773380637169e-01
8.711087139090523e-05,-1.075078248977661e-01
8.716415322851390e-05,-9.011670202016830e-02
8.721742779016495e-05,-7.134135067462921e-02
8.727070962777361e-05,-5.283141881227493e-02
8.732399146538228e-05,-3.548346459865570e-02
8.737726602703333e-05,-1.958790048956871e-02
8.743054786464199e-05,-5.127266049385071e-03
8.748382242629305e-05,7.884232327342033e-03
8.753710426390171e-05,1.914069615304470e-02
8.759037882555276e-05,2.793763950467110e-02
8.764366066316143e-05,3.324367105960846e-02
8.769694250077009e-05,3.393658250570297e-02
8.775021706242114e-05,2.913594618439674e-02
8.780349890002981e-05,1.852690055966377e-02
8.785677346168086e-05,2.581140724942088e-03
8.791005529928952e-05,-1.738721691071987e-02
8.796333713689819e-05,-3.935958445072174e-02
8.801661169854924e-05,-6.092297658324242e-02
8.806989353615791e-05,-7.968012988567352e-02
8.812316809780896e-05,-9.366741031408310e-02
8.817644993541762e-05,-1.016921028494835e-01
8.822973177302629e-05,-1.035151630640030e-01
8.828300633467734e-05,-9.984084963798523e-02
8.833628817228600e-05,-9.212075173854828e-02
8.838956273393705e-05,-8.221921324729919e-02
8.844284457154572e-05,-7.201510667800903e-02
8.849611913319677e-05,-6.302791088819504e-02
8.854940097080544e-05,-5.614784359931946e-02
8.860268280841410e-05,-5.152228102087975e-02
8.865595737006515e-05,-4.861418157815933e-02
8.870923920767382e-05,-4.640826210379601e-02
8.876251376932487e-05,-4.370629042387009e-02
8.881579560693353e-05,-3.943773731589317e-02
8.886907744454220e-05,-3.291236609220505e-02
8.892235200619325e-05,-2.395723573863506e-02
8.897563384380192e-05,-1.291574351489544e-02
8.902890840545297e-05,-5.252172122709453e-04
8.908219024306163e-05,1.228743325918913e-02
8.913546480471268e-05,2.463908493518829e-02
8.918874664232135e-05,3.589287400245667e-02
8.924202847993001e-05,4.578451812267303e-02
8.929530304158106e-05,5.445389077067375e-02
8.934858487918973e-05,6.238223239779472e-02
8.940185944084078e-05,7.025104016065598e-02
8.945514127844945e-05,7.875472307205200e-02
8.950842311605811e-05,8.840388059616089e-02
8.956169767770916e-05,9.935165941715240e-02
8.961497951531783e-05,1.112731397151947e-01
8.966825407696888e-05,1.233237907290459e-01
8.972153591457754e-05,1.341883391141891e-01
8.977481047622859e-05,1.422216892242432e-01
8.982809231383726e-05,1.456720083951950e-01
8.988137415144593e-05,1.429580152034760e-01
8.993464871309698e-05,1.329559683799744e-01
8.998793055070564e-05,1.152497157454491e-01
9.004120511235669e-05,9.029746055603027e-02
9.009448694996536e-05,5.947106704115868e-02
9.014776878757402e-05,2.494896575808525e-02
9.020104334922507e-05,-1.052677258849144e-02
9.025432518683374e-05,-4.399697482585907e-02
9.030759974848479e-05,-7.268371433019638e-02
9.036088158609346e-05,-9.436610341072083e-02
9.041416342370212e-05,-1.076626032590866e-01
9.046743798535317e-05,-1.121731996536255e-01
9.052071982296184e-05,-1.084557473659515e-01
9.057399438461289e-05,-9.784154593944550e-02
9.062727622222155e-05,-8.213652670383453e-02
9.068055078387260e-05,-6.327827274799347e-02
9.073383262148127e-05,-4.301759228110313e-02
9.078711445908993e-05,-2.268950641155243e-02
9.084038902074099e-05,-3.118094522505999e-03
9.089367085834965e-05,1.534211263060570e-02
9.094694542000070e-05,3.266091644763947e-02
9.100022725760937e-05,4.893015325069427e-02
9.105350909521803e-05,6.416399776935577e-02
9.110678365686908e-05,7.816129922866821e-02
9.116006549447775e-05,9.046038240194321e-02
9.121334005612880e-05,1.003844439983368e-01
9.126662189373747e-05,1.071622669696808e-01
9.131989645538852e-05,1.100932881236076e-01
9.137317829299718e-05,1.087095662951469e-01
9.142646013060585e-05,1.028993427753448e-01
9.147973469225690e-05,9.297917783260345e-02
9.153301652986556e-05,7.970722019672394e-02
9.158629109151661e-05,6.423779577016830e-02
9.163957292912528e-05,4.803268238902092e-02
9.169285476673394e-05,3.274448961019516e-02
9.174612932838500e-05,2.007237635552883e-02
9.179941116599366e-05,1.159333810210228e-02
9.185268572764471e-05,8.581023663282394e-03
9.190596756525338e-05,1.181976031512022e-02
9.195924212690443e-05,2.142671868205070e-02
9.201252396451309e-05,3.671307116746902e-02
9.206580580212176e-05,5.612037703394890e-02
9.211908036377281e-05,7.725875824689865e-02
9.217236220138147e-05,9.706778824329376e-02
9.222563676303253e-05,1.121096014976501e-01
9.227891860064119e-05,1.189723312854767e-01
9.233220043824986e-05,1.147361025214195e-01
9.238547499990091e-05,9.744368493556976e-02
9.243875683750957e-05,6.650374829769135e-02
9.249203139916062e-05,2.295210026204586e-02
9.254531323676929e-05,-3.048956394195557e-02
9.259859507437795e-05,-8.958528935909271e-02
9.265186963602901e-05,-1.489877402782440e-01
9.270515147363767e-05,-2.028412669897079e-01
9.275842603528872e-05,-2.455160021781921e-01
9.281170787289739e-05,-2.723749577999115e-01
9.286498243454844e-05,-2.804640531539917e-01
9.291826427215710e-05,-2.690152525901794e-01
9.297154610976577e-05,-2.396650761365891e-01
9.302482067141682e-05,-1.963253319263458e-01
9.307810250902548e-05,-1.446984410285950e-01
9.313137707067654e-05,-9.148503839969635e-02
9.318465890828520e-05,-4.338952526450157e-02
9.323794074589387e-05,-6.078669335693121e-03
9.329121530754492e-05,1.672444678843021e-02
9.334449714515358e-05,2.383868955075741e-02
9.339777170680463e-05,1.678802073001862e-02
9.345105354441330e-05,-5.248381639830768e-04
9.350432810606435e-05,-2.259195409715176e-02
9.355760994367301e-05,-4.338140785694122e-02
9.361089178128168e-05,-5.751510709524155e-02
9.366416634293273e-05,-6.130174919962883e-02
9.371744818054140e-05,-5.340221524238586e-02
9.377072274219245e-05,-3.498082980513573e-02
9.382400457980111e-05,-9.312584996223450e-03
9.387728641740978e-05,1.905653625726700e-02
9.393056097906083e-05,4.539489746093750e-02
9.398384281666949e-05,6.585101038217545e-02
9.403711737832054e-05,7.823922485113144e-02
9.409039921592921e-05,8.236214518547058e-02
9.414367377758026e-05,7.981091737747192e-02
9.419695561518893e-05,7.331991195678711e-02
9.425023745279759e-05,6.587345898151398e-02
9.430351201444864e-05,5.982972308993340e-02
9.435679385205731e-05,5.630968138575554e-02
9.441006841370836e-05,5.501173436641693e-02
9.446335025131702e-05,5.448511987924576e-02
9.451663208892569e-05,5.275847017765045e-02
9.456990665057674e-05,4.810724779963493e-02
9.462318848818541e-05,3.970912098884583e-02
9.467646304983646e-05,2.798325195908546e-02
9.472974488744512e-05,1.451115589588881e-02
9.478302672505379e-05,1.568042673170567e-03
9.483630128670484e-05,-8.577115833759308e-03
9.488958312431350e-05,-1.436414383351803e-02
9.494285768596455e-05,-1.542863808572292e-02
9.499613952357322e-05,-1.272519212216139e-02
9.504941408522427e-05,-8.252101019024849e-03
9.510269592283294e-05,-4.472906701266766e-03
9.515597776044160e-05,-3.620031289756298e-03
9.520925232209265e-05,-7.082824595272541e-03
9.526253415970132e-05,-1.504630874842405e-02
9.531580872135237e-05,-2.646989747881889e-02
9.536909055896103e-05,-3.938601911067963e-02
9.542237239656970e-05,-5.140530690550804e-02
9.547564695822075e-05,-6.028031930327415e-02
9.552892879582942e-05,-6.438836455345154e-02
9.558220335748047e-05,-6.302915513515472e-02
9.563548519508913e-05,-5.649731680750847e-02
9.568875975674018e-05,-4.595884680747986e-02
9.574204159434885e-05,-3.319237753748894e-02
9.579532343195751e-05,-2.025778964161873e-02
9.584859799360856e-05,-9.152953512966633e-03
9.590187983121723e-05,-1.505007967352867e-03
9.595515439286828e-05,1.679500332102180e-03
9.600843623047695e-05,1.863585493993014e-04
9.606171806808561e-05,-5.340537056326866e-03
9.611499262973666e-05,-1.346344500780106e-02
9.616827446734533e-05,-2.215337753295898e-02
9.622154902899638e-05,-2.911977842450142e-02
9.627483086660504e-05,-3.222511708736420e-02
9.632810542825609e-05,-2.990837767720222e-02
9.638138726586476e-05,-2.152629569172859e-02
9.643466910347342e-05,-7.531676441431046e-03
9.648794366512448e-05,1.056099217385054e-02
9.654122550273314e-05,3.042531758546829e-02
9.659450006438419e-05,4.933834820985794e-02
9.664778190199286e-05,6.467520445585251e-02
9.670106373960152e-05,7.438070327043533e-02
9.675433830125257e-05,7.732225954532623e-02
9.680762013886124e-05,7.345990836620331e-02
9.686089470051229e-05,6.381215900182724e-02
9.691417653812096e-05,5.023569613695145e-02
9.696745837572962e-05,3.507027029991150e-02
9.702073293738067e-05,2.072191424667835e-02
9.707401477498934e-05,9.261310100555420e-03
9.712728933664039e-05,2.104902639985085e-03
9.718057117424905e-05,-1.700336288195103e-04
9.723384573590010e-05,2.148137893527746e-03
9.728712757350877e-05,8.029256947338581e-03
9.734040941111743e-05,1.594340987503529e-02
9.739368397276849e-05,2.417097054421902e-02
9.744696581037715e-05,3.111661970615387e-02
9.750024037202820e-05,3.556769341230392e-02
9.755352220963687e-05,3.685808926820755e-02
9.760680404724553e-05,3.491953015327454e-02
9.766007860889658e-05,3.022061288356781e-02
9.771336044650525e-05,2.362005226314068e-02
9.776663500815630e-05,1.617575809359550e-02
9.781991684576496e-05,8.945684880018234e-03
9.787319140741602e-05,2.808706369251013e-03
9.792647324502468e-05,-1.667425967752934e-03
9.797975508263335e-05,-4.298300947993994e-03
9.803302964428440e-05,-5.298337899148464e-03
9.808631148189306e-05,-5.244694184511900e-03
9.813958604354411e-05,-4.993515089154243e-03
9.819286788115278e-05,-5.560331977903843e-03
9.824614971876144e-05,-7.978394627571106e-03
9.829942428041250e-05,-1.314292848110199e-02
9.835270611802116e-05,-2.165399491786957e-02
9.840598067967221e-05,-3.367915377020836e-02
9.845926251728088e-05,-4.885637760162354e-02
9.851253707893193e-05,-6.625391542911530e-02
9.856581891654059e-05,-8.440339565277100e-02
9.861910075414926e-05,-1.014151200652122e-01
9.867237531580031e-05,-1.151681393384933e-01
9.872565715340897e-05,-1.235564798116684e-01
9.877893171506003e-05,-1.247639805078506e-01
9.883221355266869e-05,-1.175323873758316e-01
9.888549539027736e-05,-1.013847216963768e-01
9.893876995192841e-05,-7.677271962165833e-02
9.899205178953707e-05,-4.512593895196915e-02
9.904532635118812e-05,-8.790575899183750e-03
9.909860818879679e-05,2.914043888449669e-02
9.915189002640545e-05,6.509432196617126e-02
9.920516458805650e-05,9.536065906286240e-02
9.925844642566517e-05,1.164779067039490e-01
9.931172098731622e-05,1.256279200315475e-01
9.936500282492489e-05,1.209986731410027e-01
9.941827738657594e-05,1.020716652274132e-01
9.947155922418460e-05,6.979018449783325e-02
9.952484106179327e-05,2.657762728631496e-02
9.957811562344432e-05,-2.381465584039688e-02
9.963139746105298e-05,-7.663279026746750e-02
9.968467202270404e-05,-1.265949308872223e-01
9.973795386031270e-05,-1.684658229351044e-01
9.979123569792137e-05,-1.976684331893921e-01
9.984451025957242e-05,-2.108565419912338e-01
9.989779209718108e-05,-2.063624113798141e-01
9.995106665883213e-05,-1.844498217105865e-01
1.000043484964408e-04,-1.473297476768494e-01
